<?xml version="1.0" encoding="UTF-8"?>
 
<!DOCTYPE mapper PUBLIC "-//mybatis.org//DTD Mapper 3.0//EN" "http://mybatis.org/dtd/mybatis-3-mapper.dtd">

<!-- 자식 XML 태그들은 dev.mvc.cate.CateDAOInter.java interface와 연결됨 -->
<mapper namespace="dev.mvc.cate.CateDAOInter">
  <!-- return: 등록한 레코드 갯수를 1을 리턴, parameterType: 전달받는 데이터 -->
  <insert id="create" parameterType="dev.mvc.cate.CateVO">
    INSERT INTO cate(cateno, name, cnt, rdate) VALUES(cate_seq.nextval, #{name}, 0, sysdate) 
  </insert>

  <!-- 전체 목록, SQL -> CateVO -> ArrayList<CateVO> return -->
<!--   <select id="list_all" resultType="dev.mvc.cate.CateVO">
    SELECT cateno, name, cnt, rdate FROM cate ORDER BY cateno ASC
  </select> -->

  <!-- 출력 우선 순위 적용 -->
<!--   <select id="list_all" resultType="dev.mvc.cate.CateVO">
    SELECT cateno, name, cnt, rdate, seqno FROM cate ORDER BY seqno ASC
  </select>
 -->
 
  <!-- 출력 모드 적용 -->
  <select id="list_all" resultType="dev.mvc.cate.CateVO">
    SELECT cateno, name, cnt, rdate, seqno, visible FROM cate ORDER BY seqno ASC
  </select>

  <!-- 비회원/회원 SELECT LIST -->
  <select id="list_all_y" resultType="dev.mvc.cate.CateVO">
    SELECT cateno, name, cnt, rdate, seqno, visible 
    FROM cate 
    WHERE visible='Y'
    ORDER BY seqno ASC
  </select>
      
  <!-- 읽기, SQL -> CateVO return -->
  <select id="read" resultType="dev.mvc.cate.CateVO" parameterType="int">
    SELECT cateno, name, cnt, rdate FROM cate WHERE cateno=#{cateno}
  </select>

  <!-- return: 수정한 레코드 갯수 리턴, parameterType: 수정할 레코드 정보 -->
  <update id="update" parameterType="dev.mvc.cate.CateVO">
    UPDATE cate SET name=#{name}, cnt=#{cnt} 
    WHERE cateno=#{cateno}
  </update>
  
  <!-- return: 삭제한 레코드 갯수 리턴, parameterType: 삭제할 레코드 정보 -->
  <delete id="delete" parameterType="int">
    DELETE FROM cate WHERE cateno=#{cateno}
  </delete>
  
  <!-- 우선 순위 높임, 10 등 -> 1 등 -->
  <update id="update_seqno_forward" parameterType="int">
    UPDATE cate SET seqno = seqno - 1 WHERE cateno=#{cateno}
  </update>

  <!-- 우선 순위 낮춤, 1 등 -> 10 등 -->
  <update id="update_seqno_backward" parameterType="int">
    UPDATE cate SET seqno = seqno + 1 WHERE cateno=#{cateno}
  </update>
  
  <!-- 카테고리 공개 설정 -->
  <update id="update_visible_y" parameterType="int">
    UPDATE cate SET visible='Y' WHERE cateno=#{cateno}
  </update>
  
  <!-- 카테고리 비공개 설정 -->
  <update id="update_visible_n" parameterType="int">
    UPDATE cate SET visible='N' WHERE cateno=#{cateno}
  </update>
          
</mapper>





